,Account Name,Account Handle,Verified Account,Post Text,Post Grabbed Time,Author Name
0,Luis Rosales,ese_cholito,Not Verified,"Bad Bunny, Taylor Swift and MORE are taken off of TikTok due to UMG Media Group's SPAT with TIKTOK! It's pretty crazy but this reminds me that people should support independent artists!https://rumble.com/v4awuc9-umg-copyright-striking-tiktok-bad-bunny-taylor-swift-gone.html#truth#news#music#art#life",2024-02-02 17:04:06.252082,Luis Rosales@ese_cholito
2,Free_Talk,Free_Talk,Not Verified,"This swift is a nobody, why on earth do people even notice her, she has zero purpose to anyone with a brain.",2024-02-02 17:04:06.252082,Free_Talk@Free_Talk
4,Barbara Campbell,dogmama53,Not Verified,"Proof Taylor Swift is a psyopMarilyn@Jaizemthis is hilarious:https://twitter.com/i/status/175275714141107849012:14 PM ¬∑ Jan 31, 2024",2024-02-02 17:04:06.252082,Barbara Campbell@dogmama53
6,Erich Brink,Indignatie,Not Verified,https://indignatie.nl/trump-bondgenoten-beloven-heilige-oorlog-tegen-taylor-swift/,2024-02-02 17:04:06.252082,Erich Brink@Indignatie
10,klsparrow,klsparrow,Not Verified,"Swift has not yet endorsed anyone in the 2024 presidential race/NYT No endorsement in 2016 either FACT CHECK: No a, Image Does Not Show Taylor Swift Wearing An Anti-Trump Shirthttps://www.axios.com/2024/01/30/taylor-swift-maga-biden-trump-2024https://checkyourfact.com/2024/01/24/fact-check-taylor-swift-anti-trump-shirt/",2024-02-02 17:04:06.252082,klsparrow@klsparrow
12,9 Thermidor,shawneng,Not Verified,"Radio Renaissance: ‚ÄòI Have a Dream‚ÄôJared Taylor and Paul Kersey mourn the fate of Harvard‚Äôs DEI chief ‚Äî caught in the toils of plagiarism. They also discuss Ricky Cobb, Chris Rufo, syphilis, and Justin Slaughter.https://www.amren.com/podcasts/2024/02/i-have-a-dream",2024-02-02 17:04:06.252082,9 Thermidor@shawneng
14,lyfsavor,lyfsavor99,Not Verified,Is Taylor Swift a Psyop?https://www.youtube.com/watch?v=wlwHB_4wUvo,2024-02-02 17:04:06.252082,lyfsavor@lyfsavor99
16,BecauseWeLiveHere,BWLH,Not Verified,"Jared Taylor and Paul Kersey mourn the fate of Harvard‚Äôs DEI chief ‚Äî caught in the toils of plagiarism. They also discuss Ricky Cobb, Chris Rufo, syphilis, and Justin Slaughter.https://www.amren.com/podcasts/2024/02/i-have-a-dream/",2024-02-02 17:04:06.252082,BecauseWeLiveHere@BWLH
18,BasedAF,VirtuallyMe,Not Verified,"Today's cover on the USA Today rag.Albeit she's a very pretty girl, Taylor Swift hasn't matured emotionally or as an artist since being ""discovered"" on MySpace.USA Today is nothing more than a leftists propaganda tool. -Same as the majority of newspapers.",2024-02-02 17:04:06.252082,BasedAF@VirtuallyMe
20,CCWAVES,CCWAVES,Not Verified,"TAYLOR SWIFT, YOUR EGGS ARE DRYING UP!!!! THIS WOULD MAKE A GREAT COUNTRY SONG !!!üü∞",2024-02-02 17:04:06.252082,CCWAVES@CCWAVES
22,Wayne Dupree,WayneDupreeShow,Verified,Taylor Swift Reveals What an Elitist Snob She is With This Latest Stunthttps://washingtonengager.com/2024/02/taylor-swift-private-jet,2024-02-02 17:04:06.252082,Wayne DupreeVerified Account@WayneDupreeShow
24,Josef (TravisTaylor) Bosch,josefbosch,Not Verified,@josefboschYou've never researched MKUltra have you?That is a boy in every single photo but you can't see it because of your incredulity.,2024-02-02 17:04:06.252082,Josef (TravisTaylor) Bosch@josefbosch
26,The Renegade Hunter,JasonEDePue,Not Verified,@josefboschYou've never researched MKUltra have you?That is a boy in every single photo but you can't see it because of your incredulity.,2024-02-02 17:04:06.252082,The Renegade Hunter@JasonEDePue
28,Swampy,swampadelic,Not Verified,"I am introducing the Super Bowl Swiftee Drinking game. Every time the camera shows Taylor Swift in the skybox it means one shot of liquor. Every time they mention her name and Kelse's name it is another shot. If the Chiefs win, then we all take one shot of Tabasco (to get the taste out our mouths)",2024-02-02 17:04:06.252082,Swampy@swampadelic
30,gene,wushukid,Not Verified,Marjorie Taylor Greene Introduces Censure Resolution Against \'Treasonous\' \'Somalia\' Representative Ilhan Omarhttps://www.thegatewaypundit.com/2024/02/marjorie-taylor-greene-introduces-censure-resolution-against-treasonous/,2024-02-02 17:04:06.252082,gene@wushukid
32,Naseby1645,Naesby1645,Not Verified,"Here's Ted Nugent talking to the Truckers Convoy headed to the Texas-Mexican border.https://twitter.com/CitizenFreePres/status/1753250245385846918For those who forgot, those that never knew, and as a reminder of what ""popular"" music really is ( FTS / F_ _ _ Taylor Swift ) Here's a bit of Ted, from his post-solo/post ""Amboy Dukes"" career, with the super-group/super band, Damn Yankees and their 1992 hit  ""Don't Tread On Me""https://www.youtube.com/watch?v=EkEbqgbSqs8Below:  Jack Blades of Night Ranger, Ted, Tommy Shaw of Styx, and Michael Cartellone on Drums",2024-02-02 17:04:06.252082,Naseby1645@Naesby1645
34,C L Hammond,DeployableLynn1,Not Verified,"SHIFTY SWIFTYA.F. Branco Cartoon ‚Äì Rumor has it that Taylor Swift is going to team up with Biden to keep him in office despite how disastrous his administration has been for America. With her billions can‚Äôt feel the effects of Bidenomics.Media Hypes Taylor Swift‚Äôs Potential Influence on 2024 Election Outcome, Despite Polls Showing Just 18% More Likely to Support Her Endorsed Candidate",2024-02-02 17:04:06.252082,C L Hammond@DeployableLynn1
36,Dr. Don Pure-Blood,DrDon1287,Not Verified,"""Taylor Swift is 34 and all of her songs sound like a 17 year old going through her first breakup. She's older than my wife, and my wife is a doctor and we have 4 kids. Taylor Swift is 34 and single and still acting like she's in the dating pool""",2024-02-02 17:04:06.252082,Dr. Don Pure-Blood@DrDon1287
38,Freedom4All,Freedom4All007004,Not Verified,"Send her America hating ass back to Somalia, the counrty she loves!Marjorie Taylor Greene Introduces Censure Resolution Against \'Treasonous\' \'Somalia\' Representative Ilhan Omarhttps://www.thegatewaypundit.com/2024/02/marjorie-taylor-greene-introduces-censure-resolution-against-treasonous/",2024-02-02 17:04:06.252082,Freedom4All@Freedom4All007004
40,Josef (TravisTaylor) Bosch,josefbosch,Not Verified,"Taylor has been famous since she was in her early teens.There are countless, countless photos and home videos of her as a (female) child in rural fucking Pennsylvania.I say this lovingly (j/k you‚Äôre a fucking idiot), your brain is rotten.Also, it‚Äôs ‚Äúversus,‚Äù not ‚Äúverses.‚Äù",2024-02-02 17:04:06.252082,Josef (TravisTaylor) Bosch@josefbosch
42,The Renegade Hunter,JasonEDePue,Not Verified,@josefboschTaylor's ring finger in this photo is the bone structure of a male. Just because you don't know how to tell the difference between a males bone structure verses a woman's doesn't mean others are as ignorant.,2024-02-02 17:04:06.252082,The Renegade Hunter@JasonEDePue
44,COVID IS HOAX. AVOID VACCINES,Minataur,Not Verified,"Taylor Hudak, Last American Vagabond: MICHAEL YEADON INTERVIEW - FORMER PFIZER VP SPEAKS OUT ON DANGERS OF MRNA VACCINES & COVID ILLUSIONhttps://www.brighteon.com/ca9fd3a4-a428-42ee-94ba-10239d564550",2024-02-02 17:04:06.252082,COVID IS HOAX. AVOID VACCINES@Minataur
46,MyGoodSolonius,Solonius,Not Verified,If you think Taylor Swift is NOT an apparatchik of the globalist regime think again.So many are calling this psyop out and here's the response by the controller's puppets:https://www.yahoo.com/news/taylor-swift-blowback-due-weird-192621094.htmlhttps://www.yahoo.com/news/wall-street-journal-shreds-trumpy-084701638.htmlhttps://www.yahoo.com/sports/charles-barkley-sounds-off-on-nfls-taylor-swift-critics-youre-just-a-loser-004042034.html,2024-02-02 17:04:06.252082,MyGoodSolonius@Solonius
48,Bucky,WhiteAlthetics,Not Verified,Taylor Swift and Travis Kelce are totally organic and natural! Don‚Äôt question it or else we‚Äôll censor you.,2024-02-02 17:04:06.252082,Bucky@WhiteAlthetics
50,MB57Bomber,MickyB57,Not Verified,Now this makes you wonder if the Refs threw the game in favor of the Chiefs beating the Ravens last Sunday in the AFC Championship game. Taylor Swift is going to the Superbowl.,2024-02-02 17:04:06.252082,MB57Bomber@MickyB57
52,Str8upPatriot,JeffEbersole2,Verified,Communist everywhere,2024-02-02 17:04:06.252082,Str8upPatriotVerified Account@JeffEbersole2
54,COVIDsteria (Satirical eBook),COVIDsteria,Not Verified,"ùêÑùêçùêìùêÑùêëùêìùêÄùêàùêçùêåùêÑùêçùêìùê¨ùê≠ùêûùê´ùê¢ùêö: ùêÅùêûùê¨ùê≠ ùêìùêöùê≤ùê•ùê®ùê´ ùêíùê∞ùê¢ùêüùê≠ ùêåùêûùê¶ùêûùê¨ (ùêíùê°ùêû'ùê¨ ùêçùê®ùê≠ ùêö ùêèùê¨ùê≤ùê®ùê©!)Taylor Sniffed! This genius has never heard of the Streisand effect, nothing fake about her, leave that multibillion-dollar girl alone, meet Taylor's sister (Tater Swift) and more Taylor Swift memes!https://covidsteria.substack.com/p/best-taylor-swift-memes-shes-not-a-psyop#TaylorSwift#TaylorSwiftMemes#TaylorSwiftisaPsyop#Psyop#Memes",2024-02-02 17:04:06.252082,COVIDsteria (Satirical eBook)@COVIDsteria
56,Mark D. Whitaker,therealbiostate,Not Verified,#feudalUSA:#left#globalistbillionaire Soros dynasty bought out Taylor Swift,2024-02-02 17:04:06.252082,Mark D. Whitaker@therealbiostate
60,SatireWorks,SatireWorks,Not Verified,"United States Congresswoman Marjorie Taylor Greene introduced a resolution on Thursday to censure fellow Congresswoman Ilhan Omar due to ""treasonous statements"" she made during a speech earlier this week.https://www.jpost.com/american-politics/article-784827",2024-02-02 17:04:06.252082,SatireWorks@SatireWorks
62,bozz911,bozz911,Not Verified,https://republicansenatenews.com/biden-campaign-planning-to-use-taylor-swift-to-sway-2024-election-outcome/idiots following idiots right off the cliff,2024-02-02 17:04:06.252082,bozz911@bozz911
64,James Hawkins .....No Chats..,Jimdwrench,Not Verified,https://www.breitbart.com/entertainment/2024/02/01/liz-cheney-taylor-swift-is-a-national-treasure/...... A treasure ?  Lets bury it !,2024-02-02 17:04:06.252082,James Hawkins .....No Chats..@Jimdwrench
66,James Hawkins .....No Chats..,Jimdwrench,Not Verified,https://www.thegatewaypundit.com/2024/02/marjorie-taylor-greene-introduces-censure-resolution-against-treasonous/.....censure is BS...EXPEL the traitor !,2024-02-02 17:04:06.252082,James Hawkins .....No Chats..@Jimdwrench
68,Goofypatriot - FJB,Snoopy90,Not Verified,"Was reading about Taylor Swift being a psy-op and came across this tweet from a guy named Rosen.  He's Jewish, right???",2024-02-02 17:04:06.252082,Goofypatriot - FJB@Snoopy90
70,Tishamingo,tishamingo,Not Verified,I wonder if the media treated them like Taylor and Travis?.Marilyn Monroe and Joe DiMaggio.,2024-02-02 17:04:06.252082,Tishamingo@tishamingo
72,Danco1830,Danco1830,Not Verified,Marjorie Taylor Greene Introduces Censure Resolution Against 'Treasonous' 'Somalia' Representative Ilhan Omarhttps://www.thegatewaypundit.com/2024/02/marjorie-taylor-greene-introduces-censure-resolution-against-treasonous/,2024-02-02 17:04:06.252082,Danco1830@Danco1830
74,WhatPatrickHenrySaid,WhatPatrickHenrySaid,Not Verified,https://townhall.com/tipsheet/mattvespa/2024/02/02/marjorie-taylor-greenes-ilhan-omar-speech-n2634502Omar is a treasonous rat! TRAITOR!,2024-02-02 17:04:06.252082,WhatPatrickHenrySaid@WhatPatrickHenrySaid
76,Gregory Vanderlaan,gregvan,Not Verified,Taylor Swift says VOTE FOR JOE - Here are Some FREE MEMES to Share Worldwide!https://gvan42.blogspot.com/2024/02/taylor-swift-says-vote-for-joe-biden.htmlRemember: Trump is a Danger to the USA... The Entire Republicriminal Party is INSANE!#RUNAWAY!#RUNAWAY!#RUNAWAY!,2024-02-02 17:04:06.252082,Gregory Vanderlaan@gregvan
78,"Patrick V Peters, Ph. D.",PatPeters,Not Verified,https://townhall.com/tipsheet/mattvespa/2024/02/02/marjorie-taylor-greenes-ilhan-omar-speech-n2634502,2024-02-02 17:04:06.252082,"Patrick V Peters, Ph. D.@PatPeters"
80,Marina Knife,MuseHunter,Not Verified,Jeff TaylorThe European Revolution nobody is talking about!https://www.youtube.com/watch?v=nIIo-Vfr8z0,2024-02-02 17:04:06.252082,Marina Knife@MuseHunter
82,Boondoggled,Boondoggled,Not Verified,https://thepeoplesvoice.tv/taylor-swift-murdered-a-fan-in-satanic-blood-ritual-to-join-illuminati-insider-claims/,2024-02-02 17:04:06.252082,Boondoggled@Boondoggled
84,Schindler‚Äôs naughty Elf,TalcumX666,Not Verified,Beheading for fucking her brother is a sacred sand nigger traditionhttps://www.thegatewaypundit.com/2024/02/marjorie-taylor-greene-introduces-censure-resolution-against-treasonous/,2024-02-02 17:04:06.252082,Schindler‚Äôs naughty Elf@TalcumX666
86,PatriotUSA1rertr,PatriotUSA1rertr,Not Verified,"@americaneducationfm What would a trumper care about plagiarism, a rape, a marxism, a communism?  Did you know the beast trump admires putin the communist?  Anyway, soon, Taylor Swift will be your President.",2024-02-02 17:04:06.252082,PatriotUSA1rertr@PatriotUSA1rertr
88,Krislet74,Krislet74,Not Verified,https://townhall.com/tipsheet/mattvespa/2024/02/02/marjorie-taylor-greenes-ilhan-omar-speech-n2634502,2024-02-02 17:04:06.252082,Krislet74@Krislet74
92,don,brendonusa,Not Verified,Marjorie Taylor Greene Introduces Censure Resolution Against \'Treasonous\' \'Somalia\' Representative Ilhan Omarhttps://www.thegatewaypundit.com/2024/02/marjorie-taylor-greene-introduces-censure-resolution-against-treasonous/,2024-02-02 17:04:06.252082,don@brendonusa
94,Michelle American Patriot,Scrappy,Verified,"Not only is Joe Biden‚Äôs sister connected to Dominion, so is the Carlyle Group.Know what else Carlyle Group owns?Taylor Swift. And they specifically purchased her (like a hooker) for her ‚Äúinfluence over consumers.‚Äù",2024-02-02 17:04:06.252082,Michelle American PatriotVerified Account@Scrappy
96,DLW20161950,DLW20161950,Not Verified,https://thefederalist.com/2024/02/02/will-the-taylor-swift-deepfake-scandal-force-congress-to-get-serious-about-ai-pornography/,2024-02-02 17:04:06.252082,DLW20161950@DLW20161950
98,BlackBeardsFlag,BlackBeardsFlag,Not Verified,Travis Kelce and Taylor Swift.#Trump2024#BreakingNews,2024-02-02 17:04:06.252082,BlackBeardsFlag@BlackBeardsFlag
100,MartinOxman,MartinOxman,Not Verified,https://patriotpost.us/videos/104093-is-taylor-swift-a-psyop-2024-02-01,2024-02-02 17:04:06.252082,MartinOxman@MartinOxman
102,News Pug,newspug,Not Verified,"Taylor Swift‚Äôs trip from Tokyo to the Super Bowl could hit roadblock - With the Super Bowl (Taylor‚Äôs Version) fast approaching, fans are hoping the Eras Tour star can join her boyfriend Travis Kelce at the big game in Las Vegas.https://www.foxnews.com/entertainment/taylor-swifts-trip-tokyo-super-bowl-could-hit-roadblock(Latest news athttp://newspug.com)",2024-02-02 17:04:06.252082,News Pug@newspug
104,DLW20161950,DLW20161950,Not Verified,https://townhall.com/tipsheet/mattvespa/2024/02/02/marjorie-taylor-greenes-ilhan-omar-speech-n2634502,2024-02-02 17:04:06.252082,DLW20161950@DLW20161950
106,Duke,Ghostlover,Not Verified,"How Taylor Swift Is Changing Our Lives, Forever.https://rumble.com/v4aqlix-how-taylor-swift-is-changing-our-lives-forever..html",2024-02-02 17:04:06.252082,Duke@Ghostlover
108,TxVet33 ‚ñÑÔ∏ªÃ∑Ãø‚îªÃø‚ïê‚îÅ‰∏Ä  Qq:.,TxVet33,Not Verified,"https://rumble.com/v4aw7xc-taylor-swift-is-not-a-psyop-operation-mockingbird-cia-gayop-edition.htmlYES SHE IS, ALONG WITH EVERY [big pharma] commercial on the 1-'d monster....",2024-02-02 17:04:06.252082,TxVet33 ‚ñÑÔ∏ªÃ∑Ãø‚îªÃø‚ïê‚îÅ‰∏Ä  Qq:.@TxVet33
110,SOUTHPASADENACHIMP,SOUTHPASADENACHIMP,Not Verified,https://www.breitbart.com/entertainment/2024/02/01/universal-pulls-taylor-swift-several-stars-music-from-tiktok-in-major-blow-to-chinese-company-heres-why/,2024-02-02 17:04:06.252082,SOUTHPASADENACHIMP@SOUTHPASADENACHIMP
112,SOUTHPASADENACHIMP,SOUTHPASADENACHIMP,Not Verified,RINO LIZ CHENEY PRAISES TAYLOR SWIFT AS SWIFT BECOMES BIDEN'S 2024 GOOD LUCK CHARMhttps://www.breitbart.com/entertainment/2024/02/01/liz-cheney-taylor-swift-is-a-national-treasure/,2024-02-02 17:04:06.252082,SOUTHPASADENACHIMP@SOUTHPASADENACHIMP
114,christopherlyman1966,christopherlyman1966,Not Verified,"Saudi WakalaTrust Saudi Wakala for swift and reliable Saudi visa stamping services. Our experienced team ensures an efficient visa stamping process, saving you time and stress. Get your Saudi visa stamped with confidence.https://saudiwakala.wordpress.com/2024/01/30/affordable-family-umrah-maximizing-your-spiritual-journey-with-saudiwakala/",2024-02-02 17:04:06.252082,christopherlyman1966@christopherlyman1966
116,RD59,awakebystander,Not Verified,the mascot of White History Month: Taylor Swift!,2024-02-02 17:04:06.252082,RD59@awakebystander
118,VaGOPGirl,VaGOPGirl,Not Verified,https://www.breitbart.com/entertainment/2024/02/01/liz-cheney-taylor-swift-is-a-national-treasure/,2024-02-02 17:04:06.252082,VaGOPGirl@VaGOPGirl
120,Joanne,Jm19,Not Verified,https://www.thegatewaypundit.com/2024/02/marjorie-taylor-greene-introduces-censure-resolution-against-treasonous/,2024-02-02 17:04:06.252082,Joanne@Jm19
122,Canary,Imaginary-canary,Not Verified,"AOC is being thrown overboard as the DEMS ""it girl"" for Taylor Swift and she's not bitching about how that's racist.",2024-02-02 17:04:06.252082,Canary@Imaginary-canary
124,angelfire,grandmaangelfire,Not Verified,https://www.thegatewaypundit.com/2024/02/marjorie-taylor-greene-introduces-censure-resolution-against-treasonous/,2024-02-02 17:04:06.252082,angelfire@grandmaangelfire
128,Thorns&Thistles,PrayerWarriors2020,Not Verified,"Thanks for letting us know who your friends are.Define Traitor: One who violates his allegiance and betrays his country; one guilty of treason; one who, in breach of trust, delivers his country to an enemyhttps://www.breitbart.com/entertainment/2024/02/01/liz-cheney-taylor-swift-is-a-national-treasure/",2024-02-02 17:04:06.252082,Thorns&Thistles@PrayerWarriors2020
130,Impissed313,Impissed313,Not Verified,Marjorie Taylor Greene Introduces Censure Resolution Against \'Treasonous\' \'Somalia\' Representative Ilhan Omarhttps://www.thegatewaypundit.com/2024/02/marjorie-taylor-greene-introduces-censure-resolution-against-treasonous/,2024-02-02 17:04:06.252082,Impissed313@Impissed313
132,mdbussiere1,Mdbussiere1,Not Verified,"TAYLOR SWIFT IS BEING USED AS A  C.I.A./'MOSSAD' PSYOP NOOOOOOOOOOOOO, YOU DON'T SAY ?",2024-02-02 17:04:06.252082,mdbussiere1@Mdbussiere1
134,ÍßÅùì•ùì≤ùì∏ùìµùìÆùì∑ùìΩùì•ùì≤ùîÅùìÆùì∑29ÍßÇ,ViolentVixen29,Not Verified,Probably so. Nothing would surprise me from the walking#cockupine!https://rumble.com/v4aquui-taylor-swift-murdered-a-fan-in-satanic-blood-ritual-to-join-illuminati-insi.html,2024-02-02 17:04:06.252082,ÍßÅùì•ùì≤ùì∏ùìµùìÆùì∑ùìΩùì•ùì≤ùîÅùìÆùì∑29ÍßÇ@ViolentVixen29
136,TriggerIA,TriggerIA,Not Verified,https://www.breitbart.com/entertainment/2024/02/01/liz-cheney-taylor-swift-is-a-national-treasure/,2024-02-02 17:04:06.252082,TriggerIA@TriggerIA
138,Bagwarn,bagwarn,Not Verified,The Jew has obviously decided to dial up the Taylor Swift love and their good Goys have been given the orders.,2024-02-02 17:04:06.252082,Bagwarn@bagwarn
140,bobby2themax,bobby2themax,Not Verified,"https://youtube.com/shorts/UskcT8RsOYI?si=CGX8WYWApYR0SPgaMY FIRST AND LAST POST ABOUT TAYLOR SWIFT. LIKE BIDEN, SHE'S LUXURIATING DAILY IN THE POWER SHE THINKS SHE HOLDS OVER PEOPLE. SHE'S DELUSIONAL. MOST OF US DON'T EVEN GIVE HER A SECOND THOUGHT. THOSE WHO VOTE FOR BIDEN BC SHE SAYS TO ARE VERY FOOLISH INDEED! THATS LIKE DROWNING YOURSELF IN YOUR TOILET BC SHE TELLS YOU TO!",2024-02-02 17:04:06.252082,bobby2themax@bobby2themax
142,Lars Faurholt,larsfaurholt,Not Verified,"Taylor Swift 'Murdered a Fan' In Satanic Blood Ritual To Join Illuminati, Insider Claimshttps://rumble.com/v4aquui-taylor-swift-murdered-a-fan-in-satanic-blood-ritual-to-join-illuminati-insi.html",2024-02-02 17:04:06.252082,Lars Faurholt@larsfaurholt
144,Truth Ultra,LillianBey,Not Verified,Taylor Swift doesn't mean what we think Taylor Swift means.Nothing else in the internet does either.,2024-02-02 17:04:06.252082,Truth Ultra@LillianBey
146,Truth Ultra,LillianBey,Not Verified,"You're talkin‚Äô shit for the hell of itAddicted to betrayal, but you‚Äôre relevantYou‚Äôre terrified to look down‚ÄòCause if you dare, you‚Äôll see the glareOf everyone you burned just to get thereIt‚Äôs coming back aroundAnd I keep my side of the street cleanYou wouldn‚Äôt know what I mean",2024-02-02 17:04:06.252082,Truth Ultra@LillianBey
148,Advocate Ved Tripathi,AdvocateVedTripathi,Not Verified,"Best Mutual Divorce Lawyer in Noida - Advocate Ved TripathiNavigating the delicate terrain of mutual divorce in Noida requires the expertise of a skilled professional. Our Mutual Divorce Lawyer in Noida specializes in facilitating amicable separations, offering compassionate guidance and legal acumen. With a focus on swift resolutions and fair outcomes, we strive to make the process as smooth as possible for our clients. Trust us to handle your mutual divorce with sensitivity and efficiency. For more details call us @9953599559 and visit :https://vedtripathi.com/mutual-divorce-lawyer-in-noida/",2024-02-02 17:04:06.252082,Advocate Ved Tripathi@AdvocateVedTripathi
150,GriptMedia,Griptmedia,Verified,"PREMIUM: Traitors, Dee Forbes, and Taylor Swift-gate: Miscellaneous thoughts on the smaller stories of the last week.https://gript.ie/miscellaneous-thoughts-on-the-week-that-was/",2024-02-02 17:04:06.252082,GriptMediaVerified Account@Griptmedia
152,Reagan is my Hero,Seize_the_Day,Not Verified,"On Taylor Swift, the Right is acting like an old caricature of itselfhttps://www.msn.com/en-us/news/world/on-taylor-swift-the-right-is-acting-like-an-old-caricature-of-itself/ar-BB1hF6yh?cvid=27b413bb8b024a82a8db8039f8aff225&ocid=winp2fptaskbar&ei=32",2024-02-02 17:04:06.252082,Reagan is my Hero@Seize_the_Day
154,MaranathaSarShalom,maranathasarshalom,Not Verified,"I don't know how true this is, but if true this CLOWN clearly lacks the ability to read the room.#BooAlboBREAKINGPrime Minister Anthony Albanese and his partner Jodie will be unavailable for any work related duties on the final week of February as they will be attending Taylor Swift concerts at Accor Stadium.",2024-02-02 17:04:06.252082,MaranathaSarShalom@maranathasarshalom
158,TimCDroyd,TimCDroyd,Not Verified,"Music from Drake, Justin Bieber, Taylor Swift and others vanishes from TikTok as licensing dispute boils overUniversal Music Group (UMG), which represents artists including Taylor Swift, Drake, Adele, Bad Bunny and Billie Eilish, says that it will no longer allow its music on TikTok now that a licensing deal between the two parties has EXPIRED",2024-02-02 17:04:06.252082,TimCDroyd@TimCDroyd
160,UrgentMed,urgentmed,Not Verified,"Fast and Reliable: Urgent Care Services in Plantation for Your Immediate NeedsFor swift and reliable healthcare, choose anurgent care plantation. Our dedicated team provides prompt medical attention for various immediate needs. From minor injuries to illnesses, count on us for efficient and compassionate care. Schedule your visit now to experience excellence in urgent care services. Your well-being is our priority ‚Äì trust care plantation for accessible, quality healthcare tailored to your needs.https://www.urgentmed.us/plantation-location/",2024-02-02 17:04:06.252082,UrgentMed@urgentmed
162,Krown Dental,krowndental,Not Verified,24/7 Emergency Dental Solutions | Krown Dental MerrylandsExperience prompt and reliable emergency dental care in Merrylands with Krown Dental. Our skilled team is ready 24/7 to address your urgent dental needs. Trust us for compassionate service and swift solutions. Your smile is our priority!Visit us -https://www.krowndental.com.au/emergency,2024-02-02 17:04:06.252082,Krown Dental@krowndental
164,Sportsinjurycare,Sportsinjurycare,Not Verified,"Knee Ligament Repair In DelhiIn Delhi, Dr. Vikram Sharma stands out as an experienced and skilled surgeon specializing in knee ligament repair. His clinic employs cutting-edge techniques, ensuring patients benefit from modern and effective treatments for a swift recovery. With a commitment to personalized care, Dr. Sharma tailors his approach to individual needs, enhancing the chances of successful knee ligament repair.Visit-https://www.canva.com/design/DAF7oSgqtjI/33Nibh3vvAPsfyU4rjj6nw/edit?utm_content=DAF7oSgqtjI&amp;utm_campaign=designshare&amp;utm_medium=link2&amp;utm_source=sharebutton",2024-02-02 17:04:06.252082,Sportsinjurycare@Sportsinjurycare
166,James Karlus de ua,bong_jamesbong2001,Not Verified,NEW JERSEY:  Schoolgirls turned into AI nudes.https://nypost.com/2024/02/02/news/teen-girls-turned-into-deepfake-porn-like-taylor-swift/,2024-02-02 17:04:06.252082,James Karlus de ua@bong_jamesbong2001
168,Ray Gamma,Political_Sausage,Not Verified,"As Wayne Allyn Root said, Swift made a billion dollars singing about her lousy choices in men.   She uses this crap for song content - to make money- and to beat men down.  This overrated gal has no taste.Biden is just another in long line of Swift's many poor choices in men.",2024-02-02 17:04:06.252082,Ray Gamma@Political_Sausage
460,Mana mata kai kutu ,Tanna,Not Verified,"Taylor Swift was called out for being involved in psyops.  I think it's obvious at this point, that the Kabal thinks the Swifties will vote for Biden (or whoever their puppet is) in an attempt to beat Trump.I've exposed this in the past. All musicians are psyops. They are casting spells and influencing the subconscious with her concerts.Soros owns her music and owns her.  She is NOT free!",2024-02-02 17:04:06.252082,Mana mata kai kutu @Tanna@Tannadycestrathmore
462,William775,william775,Not Verified,https://babylonbee.com/news/brock-purdy-excited-to-finally-see-taylor-swift-live-as-he-cant-afford-eras-tour-tickets?utm_source=The%20Babylon%20Bee%20Newsletter&utm_medium=email,2024-02-02 17:04:06.252082,William775@william775
464,The Western Journal,TheWesternJournal,Verified,The media really wants a Taylor Swift Super Bowl victory.http://w-j.co/s/e717f,2024-02-02 17:04:06.252082,The Western JournalVerified Account@TheWesternJournal
466,letrain,letrain,Not Verified,@athis sounds like a better plan then whatever someone is doing with Taylor Swift right now.,2024-02-02 17:04:06.252082,letrain@letrain
468,Duke Cannon,DukeCannon,Not Verified,Fixed,2024-02-02 17:04:06.252082,Duke Cannon@DukeCannon
470,Kiredea,Kiredea,Not Verified,"Soros owns Swift‚ÄîIn 2019, George Soros bought her entire music catalogAnd 4 years ago, the Pentagon Psychological Operations Unit pitched NATO about turning Taylor Swift into a ‚Äúsocial influence‚Äù asset",2024-02-02 17:04:06.252082,Kiredea@Kiredea
472,The Unknown Cynic,TheUnknownCynic,Not Verified,"It appears that Rep. Marjorie Taylor Greene@repmtgvoted ""YEA"" to give Welfare to illegal aliens.Check my facts from the link below.https://www.govtrack.us/congress/votes/118-2024/h30",2024-02-02 17:04:06.252082,The Unknown Cynic@TheUnknownCynic
474,Patrick Howley,PatrickReports,Verified,"Mr. Pfizer Travis Kelce Lashes Out At ""Cranky NFL Fans"" Who Are Tired of His Relationship With Taylor Swift. Big Pharma's favorite Bread and Circus Performer Cynically Says ""We're Slowly Reeling 'Em In""https://nationalfile.com/mr-pfizer-travis-kelce-lashes-out-at-cranky-nfl-fans-who-are-tired-of-his-relationship-with-taylor-swift/",2024-02-02 17:04:06.252082,Patrick HowleyVerified Account@PatrickReports
476,MartinOxman,MartinOxman,Not Verified,Can She(Taylor) Fight??(WW3),2024-02-02 17:04:06.252082,MartinOxman@MartinOxman
478,Paleo Logic,PaleoLogic,Not Verified,Let the retribution be swift and just,2024-02-02 17:04:06.252082,Paleo Logic@PaleoLogic
480,Cindysue73,Cindysue73,Not Verified,Did you get that people? Taylor Swift is a psyop.https://youtube.com/shorts/F4L5slRVhaU,2024-02-02 17:04:06.252082,Cindysue73@Cindysue73
482,The Renegade Hunter,JasonEDePue,Not Verified,"The guy who changed his handle in order to troll you over your obsession with Taylor Swift, is calling you a troll for pointing out his Taylor Swift obsession... Bravo!",2024-02-02 17:04:06.252082,The Renegade Hunter@JasonEDePue
484,Biker Fren,BikerFren,Verified,My favorite Tom Swift is this one.,2024-02-02 17:04:06.252082,Biker FrenVerified Account@BikerFren
486,Judeo-Christian Bale,jcbale,Not Verified,WHERE MAH SWIFTIES @ LFG!!!,2024-02-02 17:04:06.252082,Judeo-Christian Bale@jcbale
516,wiscojaydub,wiscojaydub,Not Verified,https://renewedright.com/taylor-swift-ended-up-with-egg-on-her-face-after-she-was-caught-in-this-massive-deception/?,2024-02-02 17:04:06.252082,wiscojaydub@wiscojaydub
518,Trinity_Anon 5:5,KittenFur,Verified,Rep. Marjorie Taylor Greene@repmtgBREAKING: I just introduced a resolution to censure Ilhan Omar for her treasonous statements that she is serving as a foreign agent for a foreign country.,2024-02-02 17:04:06.252082,Trinity_Anon 5:5Verified Account@KittenFur
520,Sick of all this SH*T,TwilightZone,Not Verified,Ô∏èTaylor Swift admits George Soros is one of the owners of her music.The headlines of MSM have been focussing on Taylor and her Boyfriend.Headlines are stating Taylor Swift may ‚ÄòSway the 2024 Election‚Äô.This is just another way that George Soros steals elections.RedpillingTelegram | Twitter,2024-02-02 17:04:06.252082,Sick of all this SH*T@TwilightZone
522,Team_Deplorable,Team_Deplorable,Not Verified,https://www.popularmechanics.com/culture/a46612616/taylor-swift-super-bowl-travis-kelce-right-wing-conspiracy-theory/,2024-02-02 17:04:06.252082,Team_Deplorable@Team_Deplorable
524,Eric V Torres,GentlegiantPatriot,Not Verified,BlazeTVhttps://rumble.com/v4adj9c-proof-biden-wanted-border-crisis-stop-bhing-about-taylor-swift-13024.html,2024-02-02 17:04:06.252082,Eric V Torres@GentlegiantPatriot
526,Tactical Hobo,TheTacticalHobo,Not Verified,So I got suspended on X for evading suspension apparently (though I had not previously been suspended).  I assume either they don't like my VPN or that I said I'm tired of hearing about Taylor Swift.,2024-02-02 17:04:06.252082,Tactical Hobo@TheTacticalHobo
528,Skyguy,skyguy,Not Verified,"If democracy would need to be established without distortion there would also need to be something like a voting license. Like a driver license where you need to prove that you can drive. A voting license where you can prove you can vote. Like answering simple questions about the constitution, etc. All else is just turning a blind eye to cheating and stupid and lazy people used as pawns of the crooks in power.People voting for Brandon just because they like Taylor Swift and she propagates voting for dems isn't democracy. That's bullshito burrito!",2024-02-02 17:04:06.252082,Skyguy@skyguy
530,I Love America News,ILoveAmericaNews,Verified,https://twitter.com/ksorbs/status/1753441379504587110,2024-02-02 17:04:06.252082,I Love America NewsVerified Account@ILoveAmericaNews
532,GunnerCOB,GunnerCOB,Not Verified,"Taylor Swift, Who Believes Climate Change Is a 'Horrific Situation,' Is Expected to Fly on Private Jet from Japan to Super Bowl LVIII.  Well She Is A Privileged Rich White Elitist So There Is That...Rules For Thee Not For She!!!https://www.westernjournal.com/taylor-swift-believes-climate-change-horrific-situation-expected-fly-private-jet-japan-super-bowl-lviii/",2024-02-02 17:04:06.252082,GunnerCOB@GunnerCOB
534,Iddo,Eridu,Not Verified,https://www.foxnews.com/entertainment/taylor-swift-travis-kelce-romance-relationship-clues-from-celebrity-body-language-expert,2024-02-02 17:04:06.252082,Iddo@Eridu
536,Omniscient Groundhog,davidfisco,Not Verified,"Seriously, Fox News?This is the best use of your time?https://www.foxnews.com/entertainment/taylor-swift-travis-kelce-romance-relationship-clues-from-celebrity-body-language-expert",2024-02-02 17:04:06.252082,Omniscient Groundhog@davidfisco
538,Jordan McClung,JordanMcClung,Not Verified,(In case you didn't know... something to think about... [image1... truer than you think... keep watching...)https://thepeoplesvoice.tv/taylor-swift-murdered-a-fan-in-satanic-blood-ritual-to-join-illuminati-insider-claims/____https://thepeoplesvoice.tv/megyn-kelly-moderna-threatened-to-sue-me-after-i-exposed-vaids-side-effects/,2024-02-02 17:04:06.252082,Jordan McClung@JordanMcClung
540,V√∂lkischexe,volkischexe,Not Verified,Jews get angry when you chip away at their control and money.https://www.celebritynetworth.com/articles/celebrity/music-labels-are-scheming-to-stop-other-artists-from-replicating-taylor-swifts-re-recording-success/,2024-02-02 17:04:06.252082,V√∂lkischexe@volkischexe
650,MNewbie1,MNewbie1,Not Verified,Rep. Marjorie Taylor Greene Leads a Hearing on Injuries Caused By COVID-19 Vaccines: Part IIhttps://www.youtube.com/watch?v=7-p0kFdcVkA&t=9s,2024-02-02 17:04:06.252082,MNewbie1@MNewbie1
652,RetiredAmmoTroop,RetiredAmmoTroop,Not Verified,"She is almost as bad as Miley Cyrus but parents still let their children have the ‚Äúhero‚Äù complex. Taylor Swift should be held accountable for her influence on children! She just should know she is held to a higher standard but she has become nothing but ‚Äútrailer trash‚Äù. No offense but if you act trashy, you just are trash.",2024-02-02 17:04:06.252082,RetiredAmmoTroop@RetiredAmmoTroop
654,Newsmax,NEWSMAX,Verified,"On Friday's ""Wake Up America,"" host Rob Finnerty says it's ok to vote for Donald Trump in November and still like Taylor Swift.https://youtu.be/Y71k93C5EU0",2024-02-02 17:04:06.252082,NewsmaxVerified Account@NEWSMAX
656,Sandy Hapkowskyj,AZCOWGIRL,Not Verified,Good luck MTG but blacks always get a Free pass..bc no one has the guts for real justice thats why we have so many black criminal cases...https://thepoliticalinsider.com/marjorie-taylor-greene-introduces-censure-resolution-for-foreign-agent-ilhan-omar-of-somalia/?utm_campaign=TPI02042024PMLB&utm_source=criticalimpact&utm_medium=email&source=TPICI,2024-02-02 17:04:06.252082,Sandy Hapkowskyj@AZCOWGIRL
658,One Random Sudoku,OneRandomStranger,Not Verified,"@USCenturion I don't care for faggoty nazis, I'd rather use vlad the hero as a better example. People obsess too much over nazi-man because it's ""Popular"" like that Taylor Swift guy.See, Vlad was proper.  He took the foreigners and made them into art for his people.",2024-02-02 17:04:06.252082,One Random Sudoku@OneRandomStranger
660,JR,JRANJRAN,Not Verified,"Taylor, don't care about your political purposes.  All I know, is your boyfriend should not be supporting experimental shots. I am going to enjoy your musicregardless of your opinions. There are lots of artists politicswe don't like. We enjoy your boyfriends football performance too. Regardless, if I don't like his shot education. Lots of people duped by covid-19 shots",2024-02-02 17:04:06.252082,JR@JRANJRAN
662,ToniSmith4196,ToniSmith4196,Not Verified,Taylor the witch and the snake outfit,2024-02-02 17:04:06.252082,ToniSmith4196@ToniSmith4196
664,Retro Thinkerü©∏,cervesa,Verified,"So the deep state can make Taylor Swift mega famous, but cant fix her flat ass?! Priorities...",2024-02-02 17:04:06.252082,Retro Thinkerü©∏Verified Account@cervesa
666,RoyPevLor,RoyPevlor,Verified,"Look at this politicing mother fucker thinking that this is an issue, while ALL OF THE OTHER ANTIWHITE BULLSHIT IS HAPPENING... from who? The government and it's proxies.Fucking retards in DC.",2024-02-02 17:04:06.252082,RoyPevLorVerified Account@RoyPevlor
670,WorldOfPoo,WorldOfPoo,Not Verified,The misery of East Palestine and Lahaina are replaced by Taylor Swift and Super Bowl LVIII,2024-02-02 17:04:06.252082,WorldOfPoo@WorldOfPoo
672,Liezl Joie,liezljoie,Not Verified,"OLATHE, Kan. - An Overland Park man, 23-year-old William Louis Elliott was sentenced to more than 22 years in prison for sex crimes. Prosecutors said the crimes happened in 2018 when he broke into two apartments and a house.Q 23Why is this relevant?Who can be held hostage and controlled?Q 22Study and prepare. The masses tend to panic in such situations. No war. No civil unrest. Clean and swift.https://www.kctv5.com/2024/02/01/johnson-county-judge-sentences-23-year-old-man-22-years-prison/?outputType=amp",2024-02-02 17:04:06.252082,Liezl Joie@liezljoie
674,Diane Morgan,DianeMo,Not Verified,https://washingtondigest.com/marjorie-taylor-greene-has-introduced-a-resolution-to-censure-ilhan-omar-for-treasonous-statements/,2024-02-02 17:04:06.252082,Diane Morgan@DianeMo
676,Rep. Matt Gaetz,RepMattGaetz,Verified,"Imagine a world where tech companies are able to disseminate AI content of Taylor Swift, generate revenue off of it, and not be held liable.That is the real world, because current law does not create that liability.I believe the No AI FRAUD Act is a good first step for protecting Americans‚Äô individual rights and the creative infrastructure that has allowed our country to flourish.",2024-02-02 17:04:06.252082,Rep. Matt GaetzVerified Account@RepMattGaetz
1056,Peterbear,Peterbear,Not Verified,https://www.newsbusters.org/blogs/nb/alex-christy/2024/02/02/taylor-tomlinson-brings-subtle-steady-liberalism-cbss-after,2024-02-02 17:04:06.252082,Peterbear@Peterbear
1058,Underground USA,UndergroundUSA,Not Verified,https://www.undergroundusa.com/p/take-it-easyno-one-hates-taylor-swiftSHARE & EDUCATE#TaylorSwift#KC#JoeBiden#Democrats#Election#Exploitation#Hollywood#Music#PopMusic#Endorsement#Activism#LGBTQA#ProChoice#Conspiracy#Constitution#BillOfRights#Capitalism#FreeMarket#Socialism#Marxism#FreeSpeech#USA#MAGA#Individualism#Culture#Freedom#Woke#Biden#Politics#Government#News#UndergroundUSA#Truth@MarkLevin @TuckerCarlson@GlennBeck,2024-02-02 17:04:06.252082,Underground USA@UndergroundUSA
1060,PARitzer,PARitzer,Not Verified,None too soon:Marjorie Taylor Greene Introduces Censure Resolution Against \'Treasonous\' \'Somalia\' Representative Ilhan Omarhttps://www.thegatewaypundit.com/2024/02/marjorie-taylor-greene-introduces-censure-resolution-against-treasonous/,2024-02-02 17:04:06.252082,PARitzer@PARitzer
1062,Q anon76¬Æ,QAnon211,Verified,"DOD Confirms: Taylor Swift Is Not A Pentagon Asset (And Travis Kelce Probably Isn't, Either).(Nice to see dod taking time from spending our tax dollars to let us know about Taylor swift. Nice!)(Thank u for letting us know that she's an asset!)",2024-02-02 17:04:06.252082,Q anon76¬ÆVerified Account@QAnon211
1064,Jasper Woodcock,JasperWoodcock,Not Verified,"If recent Taylor Swift mentioning all the time is a psyop, wtf is it supposed to be psy-oping me into doing, not doing?JFC people, its just trash ass Amerimutt culture. We are a depredated, failing economic zone, run aground by jews, terrorized by niggers.",2024-02-02 17:04:06.252082,Jasper Woodcock@JasperWoodcock
1066,Sharon,Shara23,Not Verified,https://theblogginghounds.com/2024/02/02/taylor-swift-murdered-a-fan-in-satanic-blood-ritual-to-join-illuminati-insider-claims/,2024-02-02 17:04:06.252082,Sharon@Shara23
1068,cala_1111,cala_1111,Not Verified,Loomer Leads the Charge in Exposing Alex Soros‚Äô 2024 Election Influence Scam Starring Taylor Swifthttps://twitter.com/LauraLoomer/status/1732771026524590491,2024-02-02 17:04:06.252082,cala_1111@cala_1111
1070,Augusto‚Äôs Helicopter Tours,LaResistance,Not Verified,"Taylor Swift is not a psyop ... I beg to disagree, the non-stop obsession with her in our local jewspapers borders on insanity.... still reckon it's a bloke.",2024-02-02 17:04:06.252082,Augusto‚Äôs Helicopter Tours@LaResistance
1072,Veritas Lux Mea,Veritas_Lux_Mea,Not Verified,https://nationalfile.com/mr-pfizer-travis-kelce-lashes-out-at-cranky-nfl-fans-who-are-tired-of-his-relationship-with-taylor-swift/,2024-02-02 17:04:06.252082,Veritas Lux Mea@Veritas_Lux_Mea
1074,John Bernhard,PatriotJohnB52,Not Verified,https://nationalfile.com/mr-pfizer-travis-kelce-lashes-out-at-cranky-nfl-fans-who-are-tired-of-his-relationship-with-taylor-swift/,2024-02-02 17:04:06.252082,John Bernhard@PatriotJohnB52
1076,Gabriel‚Äôs Horn,Gabriels_Horn,Not Verified,https://www.breitbart.com/politics/2024/02/01/liz-cheney-taylor-swift-is-a-national-treasure/,2024-02-02 17:04:06.252082,Gabriel‚Äôs Horn@Gabriels_Horn
1112,The Unknown Cynic,TheUnknownCynic,Not Verified,"It appears that Rep. Marjorie Taylor Greene@repmtgvoted ""YEA"" to give Welfare tax credits to illegal alien parents of anchor babies.Check my facts from the link below.https://www.govtrack.us/congress/votes/118-2024/h30",2024-02-02 17:04:06.252082,The Unknown Cynic@TheUnknownCynic
